{
    "model_name": "Random Forest",
    "imbalance_strategy": "Class Weighting",
    "validation_metrics": {
        "Accuracy": 0.9482439926062847,
        "Precision": 0.6949152542372882,
        "Recall": 0.803921568627451,
        "F1-Score": 0.7454545454545455,
        "ROC-AUC": 0.9519007603041216,
        "PR-AUC": 0.7407934585095686
    },
    "feature_count": 38,
    "training_samples": 3787,
    "timestamp": "2025-12-03T18:33:46.734346",
    "best_parameters": {
        "max_depth": 10,
        "max_features": "sqrt",
        "min_samples_leaf": 2,
        "min_samples_split": 5,
        "n_estimators": 100
    }
}